name,bus
HiepHoa,HiepHoa
LaiChauH,LaiChauH
DongAnh,DongAnh
SonLa,SonLa
SonLaH,SonLaH
MongDuong1,MongDuong1
MongDuong2,MongDuong2
QuangNinh,QuangNinh
NghiSon,NghiSon
HoaBinh,HoaBinh
ThangLongT,ThangLongT
ThuongTin,ThuongTin
PhoNoi,PhoNoi
NhoQuan,NhoQuan
HaTinh,HaTinh
VungAng,VungAng
DaNang,DaNang
DocSoi,DocSoi
ThanhMy,ThanhMy
Pleiku,Pleiku
Pleiku2,Pleiku2
Yali,Yali
DakNong,DakNong
DiLinh,DiLinh
CauBong,CauBong
TanDinh,TanDinh
SongMay,SongMay
VinhTan,VinhTan
PhuLam,PhuLam
MyTho,MyTho
DuyenHai,DuyenHai
ChonThanh,ChonThanh
OMon,OMon
CuChi,CuChi
NhaBe,NhaBe
PhuMy,PhuMy
LaiChau,LaiChau
TayHaNoi,TayHaNoi
VietTri,VietTri
VanPhong,VanPhong
CongThanh,CongThanh
NamDinh1,NamDinh1
LongPhu,LongPhu
DucHoa,DucHoa
TanUyen,TanUyen
LongThanh,LongThanh
